base,pca,ica,rp,svd,aug_kmeans,aug_em
0.871,0.858,0.8011666666666667,0.8650000000000001,0.8630000000000001,0.8573333333333334,0.8716666666666667
0.877,0.743,0.179,0.841,0.684,0.854,0.855
