base,pca,ica,rp,svd,aug_kmeans,aug_em
67.22367840000001,5.424353499999995,11.549048800000008,12.581931699999984,6.022689499999984,5.281491299999999,16.578047200000015
