base,pca,ica,rp,svd,aug_kmeans,aug_em
67.25804579999999,5.327116899999993,11.569795999999997,12.448795500000017,6.159026399999988,5.2347613999999965,16.47242940000001
